source,name,price,original_price,price_value,currency,discount,availability,in_stock,product_code,shop,url,scraped_at
anvelopemoto.eu,https://www.anvelopemoto.eu,,,,RON (lei),,Unknown,True,,anvelopemoto.eu,https://www.anvelopemoto.eu/,2026-02-19T14:51:10.805398
anvelopemoto.eu,Michelin S83 3.00 - 10 42J TL/TT Front/Rear DOT2517,"67,01 lei","247,32 lei",67.01,RON (lei),,In stock (Bucharest),True,,anvelopemoto.eu,https://www.anvelopemoto.eu/michelin-s83-3-00-10-42j-tl-tt-front-rear-dot2517/,2026-02-19T14:51:10.805398
anvelopemoto.eu,Michelin City Pro 90/80-14 49P Front/Rear Reinf. DOT2017,"128,87 lei","287,06 lei",128.87,RON (lei),,In stock (Bucharest),True,,anvelopemoto.eu,https://www.anvelopemoto.eu/michelin-city-pro-90-80-14-49p-front-rear-reinf-dot2017/,2026-02-19T14:51:10.805398
anvelopemoto.eu,Bridgestone Battlax SCOOTER 90/80 - 14 49P TL Front,"140,00 lei","271,44 lei",140.0,RON (lei),,In stock (Bucharest),True,,anvelopemoto.eu,https://www.anvelopemoto.eu/bridgestone-battlax-scooter-90-80-14-49p-tl-front/,2026-02-19T14:51:10.806401
anvelopemoto.eu,Michelin S83 3.00 - 10 42J TL/TT Front/Rear,"149,28 lei","247,32 lei",149.28,RON (lei),,In stock (Bucharest),True,,anvelopemoto.eu,https://www.anvelopemoto.eu/michelin-s83-3-00-10-42j-tl-tt-front-rear/,2026-02-19T14:51:10.806401
anvelopemoto.eu,Bridgestone Hoop B01 100/80 - 10 53J TL Front/Rear,"165,77 lei","328,35 lei",165.77,RON (lei),,In stock (Bucharest),True,,anvelopemoto.eu,https://www.anvelopemoto.eu/bridgestone-hoop-b01-100-80-10-53j-tl-front-rear/,2026-02-19T14:51:10.806401
anvelopemoto.eu,Mitas TOURING FORCE-SC 2 110/70D11 45P TL/TT F/R,"176,96 lei","211,44 lei",176.96,RON (lei),,In stock (Bucharest),True,,anvelopemoto.eu,https://www.anvelopemoto.eu/mitas-touring-force-sc-2-110-70d11-45p-tl-tt-f-r/,2026-02-19T14:51:10.806401
anvelopemoto.eu,Michelin Starcross 5 MINI 2.50 - 10 33J TT Front/Rear,"177,27 lei","302,99 lei",177.27,RON (lei),,In stock (Bucharest),True,,anvelopemoto.eu,https://www.anvelopemoto.eu/michelin-starcross-5-mini-2-50-10-33j-tt-front-rear/,2026-02-19T14:51:10.806401
anvelopemoto.eu,Michelin City Extra 100/90 - 10 61P REINF TL Front/Rear,"177,27 lei","302,99 lei",177.27,RON (lei),,In stock (Bucharest),True,,anvelopemoto.eu,https://www.anvelopemoto.eu/michelin-city-extra-100-90-10-61p-reinf-tl-front-rear/,2026-02-19T14:51:10.806401
anvelopemoto.eu,Bridgestone Hoop B01 3.50/ - 10 59J TL Front/Rear,"180,10 lei","360,00 lei",180.1,RON (lei),,In stock (Bucharest),True,,anvelopemoto.eu,https://www.anvelopemoto.eu/bridgestone-hoop-b01-3-50-10-59j-tl-front-rear/,2026-02-19T14:51:10.806401
anvelopemoto.eu,Michelin City Grip 2 100/80 - 10 53L TL Front/Rear,"180,36 lei","309,18 lei",180.36,RON (lei),,In stock (Bucharest),True,,anvelopemoto.eu,https://www.anvelopemoto.eu/michelin-city-grip-2-100-80-10-53l-tl-front-rear/,2026-02-19T14:51:10.807433
anvelopemoto.eu,Mitas TOURING FORCE 120/70D10 54L TL F/R,"182,01 lei","226,96 lei",182.01,RON (lei),,In stock (Bucharest),True,,anvelopemoto.eu,https://www.anvelopemoto.eu/mitas-touring-force-120-70d10-54l-tl-f-r/,2026-02-19T14:51:10.807433
anvelopemoto.eu,Metzeler Sportec Street 2 80/80 - 14 M/C 43S TL Reinf Front/Rear,"182,06 lei","395,67 lei",182.06,RON (lei),,In stock (Bucharest),True,,anvelopemoto.eu,https://www.anvelopemoto.eu/metzeler-sportec-street-2-80-80-14-m-c-43s-tl-reinf-front-rear/,2026-02-19T14:51:10.807433
anvelopemoto.eu,Mitas MC-20 MONSUM M+S 120/70D10 54L TL F/R M+S,"188,14 lei","227,01 lei",188.14,RON (lei),,In stock (Bucharest),True,,anvelopemoto.eu,https://www.anvelopemoto.eu/mitas-mc-20-monsum-ms-120-70d10-54l-tl-f-r-ms/,2026-02-19T14:51:10.807433
anvelopemoto.eu,Michelin S1 110/80 - 10 58J TL/TT Front/Rear,"189,69 lei","327,73 lei",189.69,RON (lei),,In stock (Bucharest),True,,anvelopemoto.eu,https://www.anvelopemoto.eu/michelin-s1-110-80-10-58j-tl-tt-front-rear/,2026-02-19T14:51:10.807433
anvelopemoto.eu,Bridgestone Battlax SCOOTER 110/80 - 14 53P TL Rear,"195,88 lei","353,66 lei",195.88,RON (lei),,In stock (Bucharest),True,,anvelopemoto.eu,https://www.anvelopemoto.eu/bridgestone-battlax-scooter-110-80-14-53p-tl-rear/,2026-02-19T14:51:15.845918
anvelopemoto.eu,Dunlop Scootsmart 140/70 - 12 65P TL Rear DOT0920,"195,88 lei","555,82 lei",195.88,RON (lei),,In stock (Bucharest),True,,anvelopemoto.eu,https://www.anvelopemoto.eu/dunlop-scootsmart-140-70-12-65p-tl-rear-dot0920/,2026-02-19T14:51:15.845918
anvelopemoto.eu,Michelin City Grip 2 120/70 - 10 54L REINF TL Rear,"195,93 lei","340,10 lei",195.93,RON (lei),,In stock (Bucharest),True,,anvelopemoto.eu,https://www.anvelopemoto.eu/michelin-city-grip-2-120-70-10-54l-reinf-tl-rear/,2026-02-19T14:51:15.845918
anvelopemoto.eu,Michelin Bopper 120/90 - 10 57L TL/TT Front/Rear,"199,02 lei","346,29 lei",199.02,RON (lei),,In stock (Bucharest),True,,anvelopemoto.eu,https://www.anvelopemoto.eu/michelin-bopper-120-90-10-57l-tl-tt-front-rear/,2026-02-19T14:51:15.846910
anvelopemoto.eu,Michelin City Extra 2.25 - 17 38P REINF TT Front/Rear,"199,02 lei","346,29 lei",199.02,RON (lei),,In stock (Bucharest),True,,anvelopemoto.eu,https://www.anvelopemoto.eu/michelin-city-extra-2-25-17-38p-reinf-tt-front-rear/,2026-02-19T14:51:15.846910
anvelopemoto.eu,Metzeler Sportec Street 70/90 - 14 M/C 34S TL Front,"200,98 lei","317,63 lei",200.98,RON (lei),,In stock (Bucharest),True,,anvelopemoto.eu,https://www.anvelopemoto.eu/metzeler-sportec-street-70-90-14-m-c-34s-tl-front/,2026-02-19T14:51:15.847918
anvelopemoto.eu,Michelin Pilot Street 2.50 - 17 43P REINF TT Front/Rear,"202,11 lei","352,47 lei",202.11,RON (lei),,In stock (Bucharest),True,,anvelopemoto.eu,https://www.anvelopemoto.eu/michelin-pilot-street-2-50-17-43p-reinf-tt-front-rear/,2026-02-19T14:51:15.847918
anvelopemoto.eu,Michelin City Grip 2 110/70 - 12 47S TL Front/Rear,"202,11 lei","352,47 lei",202.11,RON (lei),,In stock (Bucharest),True,,anvelopemoto.eu,https://www.anvelopemoto.eu/michelin-city-grip-2-110-70-12-47s-tl-front-rear/,2026-02-19T14:51:15.847918
anvelopemoto.eu,Pirelli Angel Scooter 80/80 - 14 M/C 43S TL Reinf Front,"202,16 lei","457,01 lei",202.16,RON (lei),,In stock (Bucharest),True,,anvelopemoto.eu,https://www.anvelopemoto.eu/pirelli-angel-scooter-80-80-14-m-c-43s-tl-reinf-front/,2026-02-19T14:51:15.848907
anvelopemoto.eu,Michelin Pilot Street 80/90 - 14 46P REINF TL/TT Front/Rear,"205,26 lei","358,66 lei",205.26,RON (lei),,In stock (Bucharest),True,,anvelopemoto.eu,https://www.anvelopemoto.eu/michelin-pilot-street-80-90-14-46p-reinf-tl-tt-front-rear/,2026-02-19T14:51:15.848907
anvelopemoto.eu,Pirelli SL 36 Sinergy 140/60-12 62L TL Front/Rear DOT2116,"206,19 lei","469,28 lei",206.19,RON (lei),,In stock (Bucharest),True,,anvelopemoto.eu,https://www.anvelopemoto.eu/pirelli-sl-36-sinergy-140-60-12-62l-tl-front-rear-dot2116/,2026-02-19T14:51:15.848907
anvelopemoto.eu,PROMO - Shinko SR615 120/70 R 15 56S TL Front  0919,"206,19 lei",,206.19,RON (lei),,In stock (Bucharest),True,,anvelopemoto.eu,https://www.anvelopemoto.eu/promo-shinko-sr615-120-70-r-15-56s-tl-front-0919/,2026-02-19T14:51:15.848907
anvelopemoto.eu,Dunlop Scootsmart 120/70 - 10 54L TL Front/Rear,"206,70 lei","361,80 lei",206.7,RON (lei),,In stock (Bucharest),True,,anvelopemoto.eu,https://www.anvelopemoto.eu/dunlop-scootsmart-120-70-10-54l-tl-front-rear/,2026-02-19T14:51:15.849914
anvelopemoto.eu,Dunlop Geomax MX53 60/100 - 12 36J TT Front,"206,70 lei","361,80 lei",206.7,RON (lei),,In stock (Bucharest),True,,anvelopemoto.eu,https://www.anvelopemoto.eu/dunlop-geomax-mx53-60-100-12-36j-tt-front/,2026-02-19T14:51:21.774211
anvelopemoto.eu,Pirelli SC 30 3.00 - 10 42J Front/Rear,"208,14 lei","338,97 lei",208.14,RON (lei),,In stock (Bucharest),True,,anvelopemoto.eu,https://www.anvelopemoto.eu/pirelli-sc-30-3-00-10-42j-front-rear/,2026-02-19T14:51:21.774211
anvelopemoto.eu,Mitas TOURING FORCE SC 120/70D14 55P TL F/R,"209,59 lei","265,57 lei",209.59,RON (lei),,In stock (Bucharest),True,,anvelopemoto.eu,https://www.anvelopemoto.eu/mitas-touring-force-sc-120-70d14-55p-tl-f-r/,2026-02-19T14:51:21.776210
anvelopemoto.eu,Mitas TOURING FORCE SC 120/70D13 53L TL F,"210,36 lei","265,62 lei",210.36,RON (lei),,In stock (Bucharest),True,,anvelopemoto.eu,https://www.anvelopemoto.eu/mitas-touring-force-sc-120-70d13-53l-tl-f/,2026-02-19T14:51:21.776210
anvelopemoto.eu,Michelin S1 130/70 - 10 52J TL/TT Front/Rear,"211,44 lei","371,03 lei",211.44,RON (lei),,In stock (Bucharest),True,,anvelopemoto.eu,https://www.anvelopemoto.eu/michelin-s1-130-70-10-52j-tl-tt-front-rear/,2026-02-19T14:51:21.777210
anvelopemoto.eu,Michelin Bopper 130/90 - 10 61L TL/TT Front/Rear,"211,44 lei","371,03 lei",211.44,RON (lei),,In stock (Bucharest),True,,anvelopemoto.eu,https://www.anvelopemoto.eu/michelin-bopper-130-90-10-61l-tl-tt-front-rear/,2026-02-19T14:51:21.777210
anvelopemoto.eu,Michelin City Extra 110/70 - 12 47P TL Front/Rear,"211,44 lei","371,03 lei",211.44,RON (lei),,In stock (Bucharest),True,,anvelopemoto.eu,https://www.anvelopemoto.eu/michelin-city-extra-110-70-12-47p-tl-front-rear/,2026-02-19T14:51:21.777210
anvelopemoto.eu,Mitas B4 TT Front/Rear 2 1/4/-18 42J,"212,53 lei",,212.53,RON (lei),,In stock (Bucharest),True,,anvelopemoto.eu,https://www.anvelopemoto.eu/mitas-b4-tt-front-rear-2-1-4-18-42j/,2026-02-19T14:51:21.778210
anvelopemoto.eu,Dunlop Scootsmart 80/80 - 16 45P TL Front/Rear,"213,14 lei","374,28 lei",213.14,RON (lei),,In stock (Bucharest),True,,anvelopemoto.eu,https://www.anvelopemoto.eu/dunlop-scootsmart-80-80-16-45p-tl-front-rear/,2026-02-19T14:51:21.778210
anvelopemoto.eu,Pirelli Angel Scooter 90/80 - 14 M/C 49S TL Reinf Front/Rear,"214,28 lei","493,81 lei",214.28,RON (lei),,In stock (Bucharest),True,,anvelopemoto.eu,https://www.anvelopemoto.eu/pirelli-angel-scooter-90-80-14-m-c-49s-tl-reinf-front-rear/,2026-02-19T14:51:21.778210
anvelopemoto.eu,Bridgestone Battlax SCOOTER 110/70 - 13 48P TL Front,"214,54 lei","435,93 lei",214.54,RON (lei),,In stock (Bucharest),True,,anvelopemoto.eu,https://www.anvelopemoto.eu/bridgestone-battlax-scooter-110-70-13-48p-tl-front/,2026-02-19T14:51:21.779210
anvelopemoto.eu,Michelin Starcross 5 MINI 2.75 - 10 37J TT Rear,"214,59 lei","377,22 lei",214.59,RON (lei),,In stock (Bucharest),True,,anvelopemoto.eu,https://www.anvelopemoto.eu/michelin-starcross-5-mini-2-75-10-37j-tt-rear/,2026-02-19T14:51:21.779210
anvelopemoto.eu,Mitas MC-20 MONSUM M+S 120/70D12 58P TL F/R M+S,"215,00 lei","273,14 lei",215.0,RON (lei),,In stock (Bucharest),True,,anvelopemoto.eu,https://www.anvelopemoto.eu/mitas-mc-20-monsum-ms-120-70d12-58p-tl-f-r-ms/,2026-02-19T14:51:21.779210
anvelopemoto.eu,Mitas TOURING FORCE SC 110/80D14 59P TL R,"217,01 lei","276,08 lei",217.01,RON (lei),,In stock (Bucharest),True,,anvelopemoto.eu,https://www.anvelopemoto.eu/mitas-touring-force-sc-110-80d14-59p-tl-r/,2026-02-19T14:51:21.779210
anvelopemoto.eu,Mitas TOURING FORCE SC 80/80D16 45P TL F/R,"219,02 lei",,219.02,RON (lei),,In stock (Bucharest),True,,anvelopemoto.eu,https://www.anvelopemoto.eu/mitas-touring-force-sc-80-80d16-45p-tl-f-r/,2026-02-19T14:51:21.780210
anvelopemoto.eu,Bridgestone Hoop B01 90/90 - 12 44J TL Front/Rear,"220,26 lei","448,56 lei",220.26,RON (lei),,In stock (Bucharest),True,,anvelopemoto.eu,https://www.anvelopemoto.eu/bridgestone-hoop-b01-90-90-12-44j-tl-front-rear/,2026-02-19T14:51:28.663432
anvelopemoto.eu,Pirelli Angel Scooter 110/70 - 11 45L TL Front/Rear,"220,31 lei","512,22 lei",220.31,RON (lei),,In stock (Bucharest),True,,anvelopemoto.eu,https://www.anvelopemoto.eu/pirelli-angel-scooter-110-70-11-45l-tl-front-rear/,2026-02-19T14:51:28.663432
anvelopemoto.eu,Michelin City Extra 90/80 - 16 51S REINF TL Front/Rear,"220,77 lei","389,54 lei",220.77,RON (lei),,In stock (Bucharest),True,,anvelopemoto.eu,https://www.anvelopemoto.eu/michelin-city-extra-90-80-16-51s-reinf-tl-front-rear/,2026-02-19T14:51:28.663432
anvelopemoto.eu,Pirelli Angel Scooter 120/90 - 10 66J TL Front/Rear,"221,29 lei","515,26 lei",221.29,RON (lei),,In stock (Bucharest),True,,anvelopemoto.eu,https://www.anvelopemoto.eu/pirelli-angel-scooter-120-90-10-66j-tl-front-rear/,2026-02-19T14:51:28.664413
anvelopemoto.eu,Pirelli Mandrake MT 15 80/80 - 16 M/C 45J TL Reinf Front,"221,80 lei","361,91 lei",221.8,RON (lei),,In stock (Bucharest),True,,anvelopemoto.eu,https://www.anvelopemoto.eu/pirelli-mandrake-mt-15-80-80-16-m-c-45j-tl-reinf-front/,2026-02-19T14:51:28.664413
anvelopemoto.eu,Pirelli Mandrake MT 15 90/80 - 16 M/C 51J TL Reinf Front/Rear,"221,80 lei","361,91 lei",221.8,RON (lei),,In stock (Bucharest),True,,anvelopemoto.eu,https://www.anvelopemoto.eu/pirelli-mandrake-mt-15-90-80-16-m-c-51j-tl-reinf-front-rear/,2026-02-19T14:51:28.664413
anvelopemoto.eu,Pirelli Angel Scooter 3.50 - 10 59J TL Reinf Front/Rear,"222,32 lei","518,35 lei",222.32,RON (lei),,In stock (Bucharest),True,,anvelopemoto.eu,https://www.anvelopemoto.eu/pirelli-angel-scooter-3-50-10-59j-tl-reinf-front-rear/,2026-02-19T14:51:28.664413
anvelopemoto.eu,Metzeler Roadtec Scooter 3.50 - 10 59J TL Reinf Front/Rear,"222,32 lei","518,35 lei",222.32,RON (lei),,In stock (Bucharest),True,,anvelopemoto.eu,https://www.anvelopemoto.eu/metzeler-roadtec-scooter-3-50-10-59j-tl-reinf-front-rear/,2026-02-19T14:51:28.664413
anvelopemoto.eu,Michelin City Grip 2 120/70 - 11 56L REINF TL Front/Rear,"223,87 lei","395,72 lei",223.87,RON (lei),,In stock (Bucharest),True,,anvelopemoto.eu,https://www.anvelopemoto.eu/michelin-city-grip-2-120-70-11-56l-reinf-tl-front-rear/,2026-02-19T14:51:28.665414
anvelopemoto.eu,Mitas MC5 TT Front/Rear 3.00-12 47J,"224,02 lei",,224.02,RON (lei),,In stock (Bucharest),True,,anvelopemoto.eu,https://www.anvelopemoto.eu/mitas-mc5-tt-front-rear-3-00-12-47j/,2026-02-19T14:51:28.665414
anvelopemoto.eu,Pirelli Mandrake MT 15 110/80 - 14 M/C 59J TL Reinf Rear,"224,85 lei","368,04 lei",224.85,RON (lei),,In stock (Bucharest),True,,anvelopemoto.eu,https://www.anvelopemoto.eu/pirelli-mandrake-mt-15-110-80-14-m-c-59j-tl-reinf-rear/,2026-02-19T14:51:28.666412
anvelopemoto.eu,Dunlop Scootsmart 100/80 - 14 54P TL Front/Rear,"226,13 lei","399,33 lei",226.13,RON (lei),,In stock (Bucharest),True,,anvelopemoto.eu,https://www.anvelopemoto.eu/dunlop-scootsmart-100-80-14-54p-tl-front-rear/,2026-02-19T14:51:28.666412
anvelopemoto.eu,Mitas TOURING FORCE SC 140/70D12 65P TL R,"226,44 lei","289,18 lei",226.44,RON (lei),,In stock (Bucharest),True,,anvelopemoto.eu,https://www.anvelopemoto.eu/mitas-touring-force-sc-140-70d12-65p-tl-r/,2026-02-19T14:51:28.666412
anvelopemoto.eu,Mitas MC 51 MEDITERRA M+S 2.75/D17 47P TL F/R M+S,"227,89 lei","229,33 lei",227.89,RON (lei),,In stock (Bucharest),True,,anvelopemoto.eu,https://www.anvelopemoto.eu/mitas-mc-51-mediterra-ms-2-75-d17-47p-tl-f-r-ms/,2026-02-19T14:51:28.667415
anvelopemoto.eu,Bridgestone Battlax SCOOTER 120/70 - 13 53P TL Front,"228,87 lei","467,53 lei",228.87,RON (lei),,In stock (Bucharest),True,,anvelopemoto.eu,https://www.anvelopemoto.eu/bridgestone-battlax-scooter-120-70-13-53p-tl-front/,2026-02-19T14:51:32.910009
anvelopemoto.eu,Michelin Pilot Street 90/90 - 14 52P REINF TL/TT Front/Rear,"230,10 lei","408,09 lei",230.1,RON (lei),,In stock (Bucharest),True,,anvelopemoto.eu,https://www.anvelopemoto.eu/michelin-pilot-street-90-90-14-52p-reinf-tl-tt-front-rear/,2026-02-19T14:51:32.911005
anvelopemoto.eu,Bridgestone Battlax SCOOTER 120/70 - 12 51L TL Rear,"231,70 lei","473,87 lei",231.7,RON (lei),,In stock (Bucharest),True,,anvelopemoto.eu,https://www.anvelopemoto.eu/bridgestone-battlax-scooter-120-70-12-51l-tl-rear/,2026-02-19T14:51:32.911005
anvelopemoto.eu,Bridgestone Battlax SCOOTER 120/90 - 10 66J TL Rear,"231,70 lei","473,87 lei",231.7,RON (lei),,In stock (Bucharest),True,,anvelopemoto.eu,https://www.anvelopemoto.eu/bridgestone-battlax-scooter-120-90-10-66j-tl-rear/,2026-02-19T14:51:32.911005
anvelopemoto.eu,Michelin Power Pure SC 110/70 - 12 47L TL Front,"231,96 lei","346,29 lei",231.96,RON (lei),,In stock (Bucharest),True,,anvelopemoto.eu,https://www.anvelopemoto.eu/michelin-power-pure-sc-110-70-12-47l-tl-front/,2026-02-19T14:51:32.912006
anvelopemoto.eu,Mitas TOURING FORCE SC 130/60D13 60P TL F/R,"231,96 lei","297,06 lei",231.96,RON (lei),,In stock (Bucharest),True,,anvelopemoto.eu,https://www.anvelopemoto.eu/mitas-touring-force-sc-130-60d13-60p-tl-f-r/,2026-02-19T14:51:32.912006
anvelopemoto.eu,Mitas TOURING FORCE SC 140/60D13 57L TL R,"231,96 lei","297,06 lei",231.96,RON (lei),,In stock (Bucharest),True,,anvelopemoto.eu,https://www.anvelopemoto.eu/mitas-touring-force-sc-140-60d13-57l-tl-r/,2026-02-19T14:51:32.912006
anvelopemoto.eu,Mitas TERRA FORCE MX SM SOFT MEDIUM TERRAIN 70/100D14 40M TT F,"231,96 lei","297,06 lei",231.96,RON (lei),,In stock (Bucharest),True,,anvelopemoto.eu,https://www.anvelopemoto.eu/mitas-terra-force-mx-sm-soft-medium-terrain-70-100d14-40m-tt-f/,2026-02-19T14:51:32.913007
anvelopemoto.eu,Mitas TERRA FORCE MX SM SOFT MEDIUM TERRAIN 90/100D14 49M TT R,"231,96 lei","297,06 lei",231.96,RON (lei),,In stock (Bucharest),True,,anvelopemoto.eu,https://www.anvelopemoto.eu/mitas-terra-force-mx-sm-soft-medium-terrain-90-100d14-49m-tt-r/,2026-02-19T14:51:32.913007
anvelopemoto.eu,Pirelli Angel Scooter 140/70 - 13 M/C 61P TL Rear DOT4021,"231,96 lei","754,48 lei",231.96,RON (lei),,In stock (Bucharest),True,,anvelopemoto.eu,https://www.anvelopemoto.eu/pirelli-angel-scooter-140-70-13-m-c-61p-tl-rear-dot4021/,2026-02-19T14:51:32.914008
anvelopemoto.eu,Mitas MC-2 TL Front/Rear 2 3/4-16 46J,"232,11 lei","236,75 lei",232.11,RON (lei),,In stock (Bucharest),True,,anvelopemoto.eu,https://www.anvelopemoto.eu/mitas-mc-2-tl-front-rear-2-3-4-16-46j/,2026-02-19T14:51:32.914008
anvelopemoto.eu,Pirelli Scorpion MX32 Mid Soft 60/100 - 12 NHS 36M Front,"232,37 lei","383,40 lei",232.37,RON (lei),,In stock (Bucharest),True,,anvelopemoto.eu,https://www.anvelopemoto.eu/pirelli-scorpion-mx32-mid-soft-60-100-12-nhs-36m-front/,2026-02-19T14:51:32.914008
anvelopemoto.eu,Pirelli Scorpion MX32 Mid Soft 60/100 - 14 NHS 29M Front,"233,87 lei","386,44 lei",233.87,RON (lei),,In stock (Bucharest),True,,anvelopemoto.eu,https://www.anvelopemoto.eu/pirelli-scorpion-mx32-mid-soft-60-100-14-nhs-29m-front/,2026-02-19T14:51:39.048803
anvelopemoto.eu,Dunlop Scootsmart 110/70 - 11 45L TL Front,"234,54 lei","415,62 lei",234.54,RON (lei),,In stock (Bucharest),True,,anvelopemoto.eu,https://www.anvelopemoto.eu/dunlop-scootsmart-110-70-11-45l-tl-front/,2026-02-19T14:51:39.048803
anvelopemoto.eu,Michelin City Pro 80/80-16 45S REINF TL/TT Front,"235,98 lei","309,79 lei",235.98,RON (lei),,In stock (Bucharest),True,,anvelopemoto.eu,https://www.anvelopemoto.eu/michelin-city-pro-80-80-16-45s-reinf-tl-tt-front/,2026-02-19T14:51:39.049803
anvelopemoto.eu,Michelin Pilot Street 80/90 - 16 48S REINF TL/TT Front/Rear,"236,34 lei","420,46 lei",236.34,RON (lei),,In stock (Bucharest),True,,anvelopemoto.eu,https://www.anvelopemoto.eu/michelin-pilot-street-80-90-16-48s-reinf-tl-tt-front-rear/,2026-02-19T14:51:39.049803
anvelopemoto.eu,Metzeler Roadtec Scooter 130/70 - 12 62L TL Reinf Front/Rear,"239,43 lei","570,46 lei",239.43,RON (lei),,In stock (Bucharest),True,,anvelopemoto.eu,https://www.anvelopemoto.eu/metzeler-roadtec-scooter-130-70-12-62l-tl-reinf-front-rear/,2026-02-19T14:51:39.049803
anvelopemoto.eu,Michelin City Extra 80/90 - 17 50S REINF TL Front/Rear,"239,43 lei","426,65 lei",239.43,RON (lei),,In stock (Bucharest),True,,anvelopemoto.eu,https://www.anvelopemoto.eu/michelin-city-extra-80-90-17-50s-reinf-tl-front-rear/,2026-02-19T14:51:39.049803
anvelopemoto.eu,Michelin City Grip 2 110/70 - 11 45L TL Front,"239,43 lei","426,65 lei",239.43,RON (lei),,In stock (Bucharest),True,,anvelopemoto.eu,https://www.anvelopemoto.eu/michelin-city-grip-2-110-70-11-45l-tl-front/,2026-02-19T14:51:39.049803
anvelopemoto.eu,Bridgestone Battlax SCOOTER 100/80 - 16 50P TL Front,"240,31 lei","492,84 lei",240.31,RON (lei),,In stock (Bucharest),True,,anvelopemoto.eu,https://www.anvelopemoto.eu/bridgestone-battlax-scooter-100-80-16-50p-tl-front/,2026-02-19T14:51:39.049803
anvelopemoto.eu,Bridgestone Battlax SCOOTER 110/90 - 12 64L TL Front,"240,31 lei","492,84 lei",240.31,RON (lei),,In stock (Bucharest),True,,anvelopemoto.eu,https://www.anvelopemoto.eu/bridgestone-battlax-scooter-110-90-12-64l-tl-front/,2026-02-19T14:51:39.050804
anvelopemoto.eu,Pirelli Angel Scooter 130/70 - 10 59L TL Reinf Front/Rear,"240,41 lei","573,56 lei",240.41,RON (lei),,In stock (Bucharest),True,,anvelopemoto.eu,https://www.anvelopemoto.eu/pirelli-angel-scooter-130-70-10-59l-tl-reinf-front-rear/,2026-02-19T14:51:39.050804
anvelopemoto.eu,Metzeler Roadtec Scooter 130/70 - 10 59L TL Reinf Front/Rear,"240,41 lei","573,56 lei",240.41,RON (lei),,In stock (Bucharest),True,,anvelopemoto.eu,https://www.anvelopemoto.eu/metzeler-roadtec-scooter-130-70-10-59l-tl-reinf-front-rear/,2026-02-19T14:51:39.050804
anvelopemoto.eu,Mitas MC 22 ELEGANCE TL Front/Rear 120/70-10 54L,"241,39 lei","253,35 lei",241.39,RON (lei),,In stock (Bucharest),True,,anvelopemoto.eu,https://www.anvelopemoto.eu/mitas-mc-22-elegance-tl-front-rear-120-70-10-54l/,2026-02-19T14:51:39.050804
anvelopemoto.eu,Bridgestone Battlax SCOOTER 110/100 - 12 67J TL Front,"246,03 lei","505,52 lei",246.03,RON (lei),,In stock (Bucharest),True,,anvelopemoto.eu,https://www.anvelopemoto.eu/bridgestone-battlax-scooter-110-100-12-67j-tl-front/,2026-02-19T14:51:39.050804
anvelopemoto.eu,Pirelli Angel Scooter 120/70 - 10 54L TL Reinf Front/Rear,"246,44 lei","591,96 lei",246.44,RON (lei),,In stock (Bucharest),True,,anvelopemoto.eu,https://www.anvelopemoto.eu/pirelli-angel-scooter-120-70-10-54l-tl-reinf-front-rear/,2026-02-19T14:51:44.005784
anvelopemoto.eu,Metzeler Roadtec Scooter 120/70 - 10 54L TL Reinf Front/Rear,"246,44 lei","591,96 lei",246.44,RON (lei),,In stock (Bucharest),True,,anvelopemoto.eu,https://www.anvelopemoto.eu/metzeler-roadtec-scooter-120-70-10-54l-tl-reinf-front-rear/,2026-02-19T14:51:44.006786
anvelopemoto.eu,Michelin City Grip 2 110/80 - 14 59S REINF TL Front/Rear,"248,76 lei","445,21 lei",248.76,RON (lei),,In stock (Bucharest),True,,anvelopemoto.eu,https://www.anvelopemoto.eu/michelin-city-grip-2-110-80-14-59s-reinf-tl-front-rear/,2026-02-19T14:51:44.006786
anvelopemoto.eu,Michelin City Grip 2 120/70 - 12 51S TL Front,"251,86 lei","451,39 lei",251.86,RON (lei),,In stock (Bucharest),True,,anvelopemoto.eu,https://www.anvelopemoto.eu/michelin-city-grip-2-120-70-12-51s-tl-front/,2026-02-19T14:51:44.006786
anvelopemoto.eu,Michelin City Grip 2 120/80 - 12 65S TL Front/Rear,"251,86 lei","451,39 lei",251.86,RON (lei),,In stock (Bucharest),True,,anvelopemoto.eu,https://www.anvelopemoto.eu/michelin-city-grip-2-120-80-12-65s-tl-front-rear/,2026-02-19T14:51:44.006786
anvelopemoto.eu,Bridgestone Battlecross X30 70/100 - 19 42M TT NHS Front,"252,99 lei","461,24 lei",252.99,RON (lei),,In stock (Bucharest),True,,anvelopemoto.eu,https://www.anvelopemoto.eu/bridgestone-battlecross-x30-70-100-19-42m-tt-nhs-front/,2026-02-19T14:51:44.006786
anvelopemoto.eu,Pirelli Angel Scooter 120/70 - 12 51P TL Front/Rear,"254,54 lei","616,49 lei",254.54,RON (lei),,In stock (Bucharest),True,,anvelopemoto.eu,https://www.anvelopemoto.eu/pirelli-angel-scooter-120-70-12-51p-tl-front-rear/,2026-02-19T14:51:44.006786
anvelopemoto.eu,Metzeler Roadtec Scooter 120/70 - 12 51P TL Front/Rear,"254,54 lei","616,49 lei",254.54,RON (lei),,In stock (Bucharest),True,,anvelopemoto.eu,https://www.anvelopemoto.eu/metzeler-roadtec-scooter-120-70-12-51p-tl-front-rear/,2026-02-19T14:51:44.006786
anvelopemoto.eu,Michelin City Extra 90/90 - 12 54P TL Front/Rear,"254,95 lei","457,58 lei",254.95,RON (lei),,In stock (Bucharest),True,,anvelopemoto.eu,https://www.anvelopemoto.eu/michelin-city-extra-90-90-12-54p-tl-front-rear/,2026-02-19T14:51:44.006786
anvelopemoto.eu,Pirelli Angel Scooter 120/70 - 12 58P TL Reinf Rear,"256,55 lei","622,63 lei",256.55,RON (lei),,In stock (Bucharest),True,,anvelopemoto.eu,https://www.anvelopemoto.eu/pirelli-angel-scooter-120-70-12-58p-tl-reinf-rear/,2026-02-19T14:51:44.007781
anvelopemoto.eu,Metzeler Tourance 110/80 - 14 M/C 53P DP TL Front,"256,55 lei","622,63 lei",256.55,RON (lei),,In stock (Bucharest),True,,anvelopemoto.eu,https://www.anvelopemoto.eu/metzeler-tourance-110-80-14-m-c-53p-dp-tl-front/,2026-02-19T14:51:44.007781
anvelopemoto.eu,Bridgestone Battlax SCOOTER 130/70 - 12 62P TL Rear,"257,53 lei","530,82 lei",257.53,RON (lei),,In stock (Bucharest),True,,anvelopemoto.eu,https://www.anvelopemoto.eu/bridgestone-battlax-scooter-130-70-12-62p-tl-rear/,2026-02-19T14:51:44.007781
anvelopemoto.eu,Metzeler Roadtec Scooter 120/70 - 15 M/C 56S TL Front DOT2021,"257,73 lei","818,92 lei",257.73,RON (lei),,In stock (Bucharest),True,,anvelopemoto.eu,https://www.anvelopemoto.eu/metzeler-roadtec-scooter-120-70-15-m-c-56s-tl-front-dot2021/,2026-02-19T14:51:44.007781
anvelopemoto.eu,Michelin City Grip 2 120/70 - 12 58S REINF TL Front/Rear,"258,09 lei","463,76 lei",258.09,RON (lei),,In stock (Bucharest),True,,anvelopemoto.eu,https://www.anvelopemoto.eu/michelin-city-grip-2-120-70-12-58s-reinf-tl-front-rear/,2026-02-19T14:51:44.007781
anvelopemoto.eu,Michelin City Grip 2 120/70 - 13 53S TL Front,"258,09 lei","463,76 lei",258.09,RON (lei),,In stock (Bucharest),True,,anvelopemoto.eu,https://www.anvelopemoto.eu/michelin-city-grip-2-120-70-13-53s-tl-front/,2026-02-19T14:51:50.147172
anvelopemoto.eu,Mitas TOURING FORCE SC 90/80D16 51S TL* F/R,"260,82 lei","285,72 lei",260.82,RON (lei),,In stock (Bucharest),True,,anvelopemoto.eu,https://www.anvelopemoto.eu/mitas-touring-force-sc-90-80d16-51s-tl-f-r/,2026-02-19T14:51:50.147172
anvelopemoto.eu,Heidenau K 58 90/90D12 54M TL F/R,"261,55 lei","361,75 lei",261.55,RON (lei),,In stock (Bucharest),True,,anvelopemoto.eu,https://www.anvelopemoto.eu/heidenau-k-58-90-90d12-54m-tl-f-r/,2026-02-19T14:51:50.147172
anvelopemoto.eu,Metzeler Roadtec Scooter 120/70 - 13 M/C 53L TL Front/Rear,"262,58 lei","641,03 lei",262.58,RON (lei),,In stock (Bucharest),True,,anvelopemoto.eu,https://www.anvelopemoto.eu/metzeler-roadtec-scooter-120-70-13-m-c-53l-tl-front-rear/,2026-02-19T14:51:50.147172
anvelopemoto.eu,Pirelli Angel Scooter 120/70 - 12 51S TL Front,"263,56 lei","644,07 lei",263.56,RON (lei),,In stock (Bucharest),True,,anvelopemoto.eu,https://www.anvelopemoto.eu/pirelli-angel-scooter-120-70-12-51s-tl-front/,2026-02-19T14:51:50.147172
anvelopemoto.eu,Pirelli Diablo Rosso Scooter 110/70 - 13 M/C 48P TL Front,"263,56 lei","644,07 lei",263.56,RON (lei),,In stock (Bucharest),True,,anvelopemoto.eu,https://www.anvelopemoto.eu/pirelli-diablo-rosso-scooter-110-70-13-m-c-48p-tl-front/,2026-02-19T14:51:50.147172
anvelopemoto.eu,Metzeler Roadtec Scooter 110/70 - 13 M/C 48P TL Front,"263,56 lei","644,07 lei",263.56,RON (lei),,In stock (Bucharest),True,,anvelopemoto.eu,https://www.anvelopemoto.eu/metzeler-roadtec-scooter-110-70-13-m-c-48p-tl-front/,2026-02-19T14:51:50.147172
anvelopemoto.eu,Mitas TOURING FORCE SC 120/70D15 56S TL F,"265,62 lei","344,23 lei",265.62,RON (lei),,In stock (Bucharest),True,,anvelopemoto.eu,https://www.anvelopemoto.eu/mitas-touring-force-sc-120-70d15-56s-tl-f/,2026-02-19T14:51:50.148171
anvelopemoto.eu,Dunlop D451 120/80 - 16 60P TL Rear,"266,55 lei","436,91 lei",266.55,RON (lei),,In stock (Bucharest),True,,anvelopemoto.eu,https://www.anvelopemoto.eu/dunlop-d451-120-80-16-60p-tl-rear/,2026-02-19T14:51:50.148171
anvelopemoto.eu,Michelin City Grip 100/80 - 14 48P TL/TT Front,"267,42 lei","482,32 lei",267.42,RON (lei),,In stock (Bucharest),True,,anvelopemoto.eu,https://www.anvelopemoto.eu/michelin-city-grip-100-80-14-48p-tl-tt-front/,2026-02-19T14:51:50.148171
anvelopemoto.eu,Dunlop Scootsmart 100/80 - 16 50P TL Front/Rear,"268,14 lei","480,72 lei",268.14,RON (lei),,In stock (Bucharest),True,,anvelopemoto.eu,https://www.anvelopemoto.eu/dunlop-scootsmart-100-80-16-50p-tl-front-rear/,2026-02-19T14:51:50.148171
anvelopemoto.eu,Pirelli Angel Scooter 120/70 - 13 M/C 53P TL Front,"268,61 lei","659,43 lei",268.61,RON (lei),,In stock (Bucharest),True,,anvelopemoto.eu,https://www.anvelopemoto.eu/pirelli-angel-scooter-120-70-13-m-c-53p-tl-front/,2026-02-19T14:51:50.148171
anvelopemoto.eu,Pirelli Diablo Rosso Scooter 120/70 - 13 M/C 53P TL Front,"268,61 lei","659,43 lei",268.61,RON (lei),,In stock (Bucharest),True,,anvelopemoto.eu,https://www.anvelopemoto.eu/pirelli-diablo-rosso-scooter-120-70-13-m-c-53p-tl-front/,2026-02-19T14:51:50.148171
anvelopemoto.eu,Bridgestone Mag Mopus L303 3.00/ - 18 47P TT Front,"269,23 lei","492,84 lei",269.23,RON (lei),,In stock (Bucharest),True,,anvelopemoto.eu,https://www.anvelopemoto.eu/bridgestone-mag-mopus-l303-3-00-18-47p-tt-front/,2026-02-19T14:51:50.148171
anvelopemoto.eu,Metzeler Roadtec Scooter 130/70 - 12 62P TL Reinf Rear,"269,64 lei","662,47 lei",269.64,RON (lei),,In stock (Bucharest),True,,anvelopemoto.eu,https://www.anvelopemoto.eu/metzeler-roadtec-scooter-130-70-12-62p-tl-reinf-rear/,2026-02-19T14:51:55.867289
anvelopemoto.eu,Michelin Power Pure SC 130/60 - 13 60P REINF TL Front/Rear,"270,52 lei","488,51 lei",270.52,RON (lei),,In stock (Bucharest),True,,anvelopemoto.eu,https://www.anvelopemoto.eu/michelin-power-pure-sc-130-60-13-60p-reinf-tl-front-rear/,2026-02-19T14:51:55.867289
anvelopemoto.eu,Michelin City Grip Saver 110/70 - 13 54S REINF TL Front/Rear M+S,"270,52 lei","488,51 lei",270.52,RON (lei),,In stock (Bucharest),True,,anvelopemoto.eu,https://www.anvelopemoto.eu/michelin-city-grip-saver-110-70-13-54s-reinf-tl-front-rear-ms/,2026-02-19T14:51:55.868289
anvelopemoto.eu,Dunlop Scootsmart 120/80 - 16 60P TL Front/Rear,"271,39 lei","486,96 lei",271.39,RON (lei),,In stock (Bucharest),True,,anvelopemoto.eu,https://www.anvelopemoto.eu/dunlop-scootsmart-120-80-16-60p-tl-front-rear/,2026-02-19T14:51:55.868289
anvelopemoto.eu,Dunlop Scootsmart 130/70 - 12 62S TL Front/Rear,"271,39 lei","486,96 lei",271.39,RON (lei),,In stock (Bucharest),True,,anvelopemoto.eu,https://www.anvelopemoto.eu/dunlop-scootsmart-130-70-12-62s-tl-front-rear/,2026-02-19T14:51:55.868289
anvelopemoto.eu,Dunlop Scootsmart 110/70 - 13 48P TL Front,"271,39 lei","486,96 lei",271.39,RON (lei),,In stock (Bucharest),True,,anvelopemoto.eu,https://www.anvelopemoto.eu/dunlop-scootsmart-110-70-13-48p-tl-front/,2026-02-19T14:51:55.868289
anvelopemoto.eu,Pirelli Angel Scooter 130/70 - 12 62P TL Reinf Front/Rear,"271,65 lei","668,61 lei",271.65,RON (lei),,In stock (Bucharest),True,,anvelopemoto.eu,https://www.anvelopemoto.eu/pirelli-angel-scooter-130-70-12-62p-tl-reinf-front-rear/,2026-02-19T14:51:55.868289
anvelopemoto.eu,Pirelli Diablo Rosso Scooter 130/70 - 12 62P TL Reinf Rear,"271,65 lei","668,61 lei",271.65,RON (lei),,In stock (Bucharest),True,,anvelopemoto.eu,https://www.anvelopemoto.eu/pirelli-diablo-rosso-scooter-130-70-12-62p-tl-reinf-rear/,2026-02-19T14:51:55.868289
anvelopemoto.eu,Pirelli Angel Scooter 90/90 - 12 44J TL Front/Rear,"271,65 lei","668,61 lei",271.65,RON (lei),,In stock (Bucharest),True,,anvelopemoto.eu,https://www.anvelopemoto.eu/pirelli-angel-scooter-90-90-12-44j-tl-front-rear/,2026-02-19T14:51:55.868289
anvelopemoto.eu,Metzeler Roadtec Scooter 90/90 - 12 44J TL Front/Rear,"271,65 lei","668,61 lei",271.65,RON (lei),,In stock (Bucharest),True,,anvelopemoto.eu,https://www.anvelopemoto.eu/metzeler-roadtec-scooter-90-90-12-44j-tl-front-rear/,2026-02-19T14:51:55.869294
anvelopemoto.eu,Michelin Starcross 5 Medium 70/100 - 17 40M TT Front,"273,61 lei","494,69 lei",273.61,RON (lei),,In stock (Bucharest),True,,anvelopemoto.eu,https://www.anvelopemoto.eu/michelin-starcross-5-medium-70-100-17-40m-tt-front/,2026-02-19T14:51:55.870307
anvelopemoto.eu,Michelin City Grip 2 100/80 - 16 50S TL Front/Rear,"273,61 lei","494,69 lei",273.61,RON (lei),,In stock (Bucharest),True,,anvelopemoto.eu,https://www.anvelopemoto.eu/michelin-city-grip-2-100-80-16-50s-tl-front-rear/,2026-02-19T14:51:55.870307
anvelopemoto.eu,Michelin City Extra 90/80 - 17 46S TL Front/Rear,"273,61 lei","494,69 lei",273.61,RON (lei),,In stock (Bucharest),True,,anvelopemoto.eu,https://www.anvelopemoto.eu/michelin-city-extra-90-80-17-46s-tl-front-rear/,2026-02-19T14:51:55.871291
anvelopemoto.eu,Dunlop Scootsmart 120/70 - 13 53P TL Front,"274,64 lei","493,25 lei",274.64,RON (lei),,In stock (Bucharest),True,,anvelopemoto.eu,https://www.anvelopemoto.eu/dunlop-scootsmart-120-70-13-53p-tl-front/,2026-02-19T14:51:55.871291
anvelopemoto.eu,Michelin Power Pure SC 110/90 - 13 56P TL Front,"276,75 lei","500,88 lei",276.75,RON (lei),,In stock (Bucharest),True,,anvelopemoto.eu,https://www.anvelopemoto.eu/michelin-power-pure-sc-110-90-13-56p-tl-front/,2026-02-19T14:52:00.993047
anvelopemoto.eu,Michelin Starcross 5 MINI 80/100 - 12 41M TT Rear,"276,75 lei","500,88 lei",276.75,RON (lei),,In stock (Bucharest),True,,anvelopemoto.eu,https://www.anvelopemoto.eu/michelin-starcross-5-mini-80-100-12-41m-tt-rear/,2026-02-19T14:52:00.993047
anvelopemoto.eu,Michelin City Grip 2 130/60 - 13 60S REINF TL Front/Rear,"276,75 lei","500,88 lei",276.75,RON (lei),,In stock (Bucharest),True,,anvelopemoto.eu,https://www.anvelopemoto.eu/michelin-city-grip-2-130-60-13-60s-reinf-tl-front-rear/,2026-02-19T14:52:00.993047
anvelopemoto.eu,Michelin City Grip 2 90/90 - 14 52S REINF TL Front/Rear,"276,75 lei","500,88 lei",276.75,RON (lei),,In stock (Bucharest),True,,anvelopemoto.eu,https://www.anvelopemoto.eu/michelin-city-grip-2-90-90-14-52s-reinf-tl-front-rear/,2026-02-19T14:52:00.993047
anvelopemoto.eu,Michelin City Extra 130/70 - 12 62P REINF TL Front/Rear,"276,75 lei","500,88 lei",276.75,RON (lei),,In stock (Bucharest),True,,anvelopemoto.eu,https://www.anvelopemoto.eu/michelin-city-extra-130-70-12-62p-reinf-tl-front-rear/,2026-02-19T14:52:00.993047
anvelopemoto.eu,Michelin City Grip Saver 90/90 - 12 54S TL/TT Front/Rear,"276,75 lei","500,88 lei",276.75,RON (lei),,In stock (Bucharest),True,,anvelopemoto.eu,https://www.anvelopemoto.eu/michelin-city-grip-saver-90-90-12-54s-tl-tt-front-rear/,2026-02-19T14:52:00.993047
anvelopemoto.eu,Mitas H-06 3.25/D16 55P TT F/R,"277,06 lei","310,52 lei",277.06,RON (lei),,In stock (Bucharest),True,,anvelopemoto.eu,https://www.anvelopemoto.eu/mitas-h-06-3-25-d16-55p-tt-f-r/,2026-02-19T14:52:00.994046
anvelopemoto.eu,Pirelli Angel Scooter 100/80 - 16 M/C 50P TL Front,"279,69 lei","693,14 lei",279.69,RON (lei),,In stock (Bucharest),True,,anvelopemoto.eu,https://www.anvelopemoto.eu/pirelli-angel-scooter-100-80-16-m-c-50p-tl-front/,2026-02-19T14:52:00.994046
anvelopemoto.eu,Metzeler Roadtec Scooter 100/80 - 16 M/C 50P TL Front,"279,69 lei","693,14 lei",279.69,RON (lei),,In stock (Bucharest),True,,anvelopemoto.eu,https://www.anvelopemoto.eu/metzeler-roadtec-scooter-100-80-16-m-c-50p-tl-front/,2026-02-19T14:52:00.994046
anvelopemoto.eu,Michelin City Pro 2.75-17 47P REINF TT Front/Rear (OUT),"280,10 lei","408,92 lei",280.1,RON (lei),,In stock (Bucharest),True,,anvelopemoto.eu,https://www.anvelopemoto.eu/michelin-city-pro-2-75-17-47p-reinf-tt-front-rear-out/,2026-02-19T14:52:00.994046
anvelopemoto.eu,Pirelli Angel Scooter 110/90 - 13 M/C 56P TL Front,"280,67 lei","696,24 lei",280.67,RON (lei),,In stock (Bucharest),True,,anvelopemoto.eu,https://www.anvelopemoto.eu/pirelli-angel-scooter-110-90-13-m-c-56p-tl-front/,2026-02-19T14:52:00.994046
anvelopemoto.eu,Pirelli Angel Scooter 130/60 - 13 M/C 60P TL Reinf Front/Rear,"282,68 lei","702,37 lei",282.68,RON (lei),,In stock (Bucharest),True,,anvelopemoto.eu,https://www.anvelopemoto.eu/pirelli-angel-scooter-130-60-13-m-c-60p-tl-reinf-front-rear/,2026-02-19T14:52:00.994046
anvelopemoto.eu,Metzeler Roadtec Scooter 130/60 - 13 M/C 60P TL Reinf Rear,"282,68 lei","702,37 lei",282.68,RON (lei),,In stock (Bucharest),True,,anvelopemoto.eu,https://www.anvelopemoto.eu/metzeler-roadtec-scooter-130-60-13-m-c-60p-tl-reinf-rear/,2026-02-19T14:52:00.994046
anvelopemoto.eu,Michelin Tracker 80/100 - 21 51R TT Front,"282,94 lei","513,25 lei",282.94,RON (lei),,In stock (Bucharest),True,,anvelopemoto.eu,https://www.anvelopemoto.eu/michelin-tracker-80-100-21-51r-tt-front/,2026-02-19T14:52:00.994046
anvelopemoto.eu,Dunlop Scootsmart 130/80 - 12 69J TL Rear,"284,33 lei","512,01 lei",284.33,RON (lei),,In stock (Bucharest),True,,anvelopemoto.eu,https://www.anvelopemoto.eu/dunlop-scootsmart-130-80-12-69j-tl-rear/,2026-02-19T14:52:00.995043
anvelopemoto.eu,Pirelli Diablo Rosso Scooter 130/70 - 13 M/C 63P TL Reinf Rear,"285,72 lei","711,55 lei",285.72,RON (lei),,In stock (Bucharest),True,,anvelopemoto.eu,https://www.anvelopemoto.eu/pirelli-diablo-rosso-scooter-130-70-13-m-c-63p-tl-reinf-rear/,2026-02-19T14:52:06.093529
anvelopemoto.eu,Michelin Power Pure SC 130/70 - 13 63P REINF TL Rear,"286,08 lei","519,43 lei",286.08,RON (lei),,In stock (Bucharest),True,,anvelopemoto.eu,https://www.anvelopemoto.eu/michelin-power-pure-sc-130-70-13-63p-reinf-tl-rear/,2026-02-19T14:52:06.093529
anvelopemoto.eu,Michelin City Extra 120/80 - 16 60S TL Front/Rear,"286,08 lei","519,43 lei",286.08,RON (lei),,In stock (Bucharest),True,,anvelopemoto.eu,https://www.anvelopemoto.eu/michelin-city-extra-120-80-16-60s-tl-front-rear/,2026-02-19T14:52:06.093529
anvelopemoto.eu,Shinko B244 2.50-17 38L TT Front/Rear,"287,47 lei",,287.47,RON (lei),,In stock (Bucharest),True,,anvelopemoto.eu,https://www.anvelopemoto.eu/shinko-b244-2-50-17-38l-tt-front-rear/,2026-02-19T14:52:06.093529
anvelopemoto.eu,Dunlop Scootsmart 110/90 - 13 56P TL Front,"287,58 lei","518,25 lei",287.58,RON (lei),,In stock (Bucharest),True,,anvelopemoto.eu,https://www.anvelopemoto.eu/dunlop-scootsmart-110-90-13-56p-tl-front/,2026-02-19T14:52:06.094528
anvelopemoto.eu,Mitas H-06 3.50/D16 58P TT F/R,"289,07 lei","328,81 lei",289.07,RON (lei),,In stock (Bucharest),True,,anvelopemoto.eu,https://www.anvelopemoto.eu/mitas-h-06-3-50-d16-58p-tt-f-r/,2026-02-19T14:52:06.094528
anvelopemoto.eu,Michelin City Grip 2 110/90 - 12 64S TL Front/Rear,"289,18 lei","525,62 lei",289.18,RON (lei),,In stock (Bucharest),True,,anvelopemoto.eu,https://www.anvelopemoto.eu/michelin-city-grip-2-110-90-12-64s-tl-front-rear/,2026-02-19T14:52:06.094528
anvelopemoto.eu,Michelin PILOT STREET TL Front/Rear 90/80-14 49P,"290,88 lei","371,13 lei",290.88,RON (lei),,In stock (Bucharest),True,,anvelopemoto.eu,https://www.anvelopemoto.eu/michelin-pilot-street-tl-front-rear-90-80-14-49p/,2026-02-19T14:52:06.094528
anvelopemoto.eu,Metzeler ME 22 3.25 - 18 59P Reinf Front/Rear,"291,24 lei","502,99 lei",291.24,RON (lei),,In stock (Bucharest),True,,anvelopemoto.eu,https://www.anvelopemoto.eu/metzeler-me-22-3-25-18-59p-reinf-front-rear/,2026-02-19T14:52:06.094528
anvelopemoto.eu,Pirelli Scorpion MX32 Mid Soft 2.75 - 10 NHS 37J Rear,"291,24 lei","502,99 lei",291.24,RON (lei),,In stock (Bucharest),True,,anvelopemoto.eu,https://www.anvelopemoto.eu/pirelli-scorpion-mx32-mid-soft-2-75-10-nhs-37j-rear/,2026-02-19T14:52:06.094528
anvelopemoto.eu,Pirelli Scorpion MX Extra X 80/100 - 21 M/C 51M MST Front,"292,78 lei","506,08 lei",292.78,RON (lei),,In stock (Bucharest),True,,anvelopemoto.eu,https://www.anvelopemoto.eu/pirelli-scorpion-mx-extra-x-80-100-21-m-c-51m-mst-front/,2026-02-19T14:52:06.094528
anvelopemoto.eu,Shinko B244 3.00-16 45P TT Front/Rear,"293,66 lei",,293.66,RON (lei),,In stock (Bucharest),True,,anvelopemoto.eu,https://www.anvelopemoto.eu/shinko-b244-3-00-16-45p-tt-front-rear/,2026-02-19T14:52:06.094528
anvelopemoto.eu,Dunlop Geomax MX34 70/100 - 19 42M TT Front,"294,02 lei","530,77 lei",294.02,RON (lei),,In stock (Bucharest),True,,anvelopemoto.eu,https://www.anvelopemoto.eu/dunlop-geomax-mx34-70-100-19-42m-tt-front/,2026-02-19T14:52:06.095528
anvelopemoto.eu,Bridgestone Hoop B03 110/70 - 16 52P TL G Front,"294,79 lei","613,04 lei",294.79,RON (lei),,In stock (Bucharest),True,,anvelopemoto.eu,https://www.anvelopemoto.eu/bridgestone-hoop-b03-110-70-16-52p-tl-g-front/,2026-02-19T14:52:06.095528
anvelopemoto.eu,Dunlop Sportmax Q-LITE 100/80 - 17 52H TL Front,"294,79 lei","486,96 lei",294.79,RON (lei),,In stock (Bucharest),True,,anvelopemoto.eu,https://www.anvelopemoto.eu/dunlop-sportmax-q-lite-100-80-17-52h-tl-front/,2026-02-19T14:52:10.612585
anvelopemoto.eu,Michelin Starcross 5 Soft 70/100 - 19 42M TT Front,"295,36 lei","537,94 lei",295.36,RON (lei),,In stock (Bucharest),True,,anvelopemoto.eu,https://www.anvelopemoto.eu/michelin-starcross-5-soft-70-100-19-42m-tt-front/,2026-02-19T14:52:10.612585
anvelopemoto.eu,Michelin City Grip 2 90/80 - 16 51S REINF TL Front/Rear,"295,36 lei","537,94 lei",295.36,RON (lei),,In stock (Bucharest),True,,anvelopemoto.eu,https://www.anvelopemoto.eu/michelin-city-grip-2-90-80-16-51s-reinf-tl-front-rear/,2026-02-19T14:52:10.613583
anvelopemoto.eu,Heidenau K 58 M+S SNOWTEX M+S 90/90D12 54M TL F/R M+S,"295,88 lei","413,61 lei",295.88,RON (lei),,In stock (Bucharest),True,,anvelopemoto.eu,https://www.anvelopemoto.eu/heidenau-k-58-ms-snowtex-ms-90-90d12-54m-tl-f-r-ms/,2026-02-19T14:52:10.613583
anvelopemoto.eu,Pirelli Angel Scooter 100/90 - 14 M/C 57P TL Reinf Rear,"296,80 lei","745,31 lei",296.8,RON (lei),,In stock (Bucharest),True,,anvelopemoto.eu,https://www.anvelopemoto.eu/pirelli-angel-scooter-100-90-14-m-c-57p-tl-reinf-rear/,2026-02-19T14:52:10.613583
anvelopemoto.eu,Dunlop Scootsmart 110/70 - 16 52S TL Front/Rear,"297,27 lei","537,06 lei",297.27,RON (lei),,In stock (Bucharest),True,,anvelopemoto.eu,https://www.anvelopemoto.eu/dunlop-scootsmart-110-70-16-52s-tl-front-rear/,2026-02-19T14:52:10.613583
anvelopemoto.eu,Dunlop Scootsmart 80/90 - 16 48P TL Front/Rear,"297,27 lei","537,06 lei",297.27,RON (lei),,In stock (Bucharest),True,,anvelopemoto.eu,https://www.anvelopemoto.eu/dunlop-scootsmart-80-90-16-48p-tl-front-rear/,2026-02-19T14:52:10.613583
anvelopemoto.eu,Dunlop Scootsmart 120/70 - 15 56S TL Front,"297,27 lei","537,06 lei",297.27,RON (lei),,In stock (Bucharest),True,,anvelopemoto.eu,https://www.anvelopemoto.eu/dunlop-scootsmart-120-70-15-56s-tl-front/,2026-02-19T14:52:10.613583
anvelopemoto.eu,Mitas H-06 3.25/D18 59P TT F/R,"297,58 lei","341,96 lei",297.58,RON (lei),,In stock (Bucharest),True,,anvelopemoto.eu,https://www.anvelopemoto.eu/mitas-h-06-3-25-d18-59p-tt-f-r/,2026-02-19T14:52:10.614620
anvelopemoto.eu,Pirelli Angel Scooter 120/70 - 14 M/C 55P TL Front/Rear,"297,78 lei","748,35 lei",297.78,RON (lei),,In stock (Bucharest),True,,anvelopemoto.eu,https://www.anvelopemoto.eu/pirelli-angel-scooter-120-70-14-m-c-55p-tl-front-rear/,2026-02-19T14:52:10.614620
anvelopemoto.eu,Bridgestone Mag Mopus L303 3.00/ - 18 47S TT Front,"298,40 lei","549,79 lei",298.4,RON (lei),,In stock (Bucharest),True,,anvelopemoto.eu,https://www.anvelopemoto.eu/bridgestone-mag-mopus-l303-3-00-18-47s-tt-front/,2026-02-19T14:52:10.614620
anvelopemoto.eu,Dunlop Scootsmart 120/70 - 14 55S TL Front/Rear,"298,56 lei","539,54 lei",298.56,RON (lei),,In stock (Bucharest),True,,anvelopemoto.eu,https://www.anvelopemoto.eu/dunlop-scootsmart-120-70-14-55s-tl-front-rear/,2026-02-19T14:52:10.614620
anvelopemoto.eu,Mitas H-06 TT Front/Rear 3.50-16 64S,"298,97 lei","407,94 lei",298.97,RON (lei),,In stock (Bucharest),True,,anvelopemoto.eu,https://www.anvelopemoto.eu/mitas-h-06-tt-front-rear-3-50-16-64s/,2026-02-19T14:52:10.614620
anvelopemoto.eu,Pirelli Angel Scooter 140/60 - 13 M/C 63P TL Reinf Rear,"299,79 lei","754,48 lei",299.79,RON (lei),,In stock (Bucharest),True,,anvelopemoto.eu,https://www.anvelopemoto.eu/pirelli-angel-scooter-140-60-13-m-c-63p-tl-reinf-rear/,2026-02-19T14:52:10.614620
anvelopemoto.eu,Pirelli Diablo Rosso Scooter 140/70 - 13 M/C 61P TL Rear,"299,79 lei","754,48 lei",299.79,RON (lei),,In stock (Bucharest),True,,anvelopemoto.eu,https://www.anvelopemoto.eu/pirelli-diablo-rosso-scooter-140-70-13-m-c-61p-tl-rear/,2026-02-19T14:52:10.614620
anvelopemoto.eu,Mitas H-02 3.00/D19 57P TT F/R,"301,03 lei","347,16 lei",301.03,RON (lei),,In stock (Bucharest),True,,anvelopemoto.eu,https://www.anvelopemoto.eu/mitas-h-02-3-00-d19-57p-tt-f-r/,2026-02-19T14:52:15.356828
anvelopemoto.eu,Michelin Power Pure SC 140/60 - 13 57P TL Rear,"301,60 lei","550,31 lei",301.6,RON (lei),,In stock (Bucharest),True,,anvelopemoto.eu,https://www.anvelopemoto.eu/michelin-power-pure-sc-140-60-13-57p-tl-rear/,2026-02-19T14:52:15.356828
anvelopemoto.eu,Michelin City Grip 2 140/70 - 12 65S REINF TL Rear,"301,60 lei","550,31 lei",301.6,RON (lei),,In stock (Bucharest),True,,anvelopemoto.eu,https://www.anvelopemoto.eu/michelin-city-grip-2-140-70-12-65s-reinf-tl-rear/,2026-02-19T14:52:15.356828
anvelopemoto.eu,Pirelli Scorpion MX32 Mid Soft 70/100 - 19 NHS 42M Front,"301,86 lei","524,48 lei",301.86,RON (lei),,In stock (Bucharest),True,,anvelopemoto.eu,https://www.anvelopemoto.eu/pirelli-scorpion-mx32-mid-soft-70-100-19-nhs-42m-front/,2026-02-19T14:52:15.356828
anvelopemoto.eu,Bridgestone Hoop B03 120/80 - 14 58S TL G Front,"303,35 lei","632,01 lei",303.35,RON (lei),,In stock (Bucharest),True,,anvelopemoto.eu,https://www.anvelopemoto.eu/bridgestone-hoop-b03-120-80-14-58s-tl-g-front/,2026-02-19T14:52:15.356828
anvelopemoto.eu,Bridgestone Battlax SCOOTER 120/80 - 14 58S TL Front,"303,35 lei","632,01 lei",303.35,RON (lei),,In stock (Bucharest),True,,anvelopemoto.eu,https://www.anvelopemoto.eu/bridgestone-battlax-scooter-120-80-14-58s-tl-front/,2026-02-19T14:52:15.357828
anvelopemoto.eu,Bridgestone Battlax SCOOTER 130/70 - 13 57P TL Rear,"303,35 lei","632,01 lei",303.35,RON (lei),,In stock (Bucharest),True,,anvelopemoto.eu,https://www.anvelopemoto.eu/bridgestone-battlax-scooter-130-70-13-57p-tl-rear/,2026-02-19T14:52:15.357828
anvelopemoto.eu,Pirelli Diablo Rosso Sport 70/90 - 17 M/C 38S TL Front/Rear,"303,35 lei","527,53 lei",303.35,RON (lei),,In stock (Bucharest),True,,anvelopemoto.eu,https://www.anvelopemoto.eu/pirelli-diablo-rosso-sport-70-90-17-m-c-38s-tl-front-rear/,2026-02-19T14:52:15.357828
anvelopemoto.eu,Bridgestone Hoop B03 120/80 - 14 58S TL Front,"303,35 lei","632,01 lei",303.35,RON (lei),,In stock (Bucharest),True,,anvelopemoto.eu,https://www.anvelopemoto.eu/bridgestone-hoop-b03-120-80-14-58s-tl-front/,2026-02-19T14:52:15.357828
anvelopemoto.eu,Michelin Power Pure SC 120/70 - 15 56S TL Front,"304,69 lei","556,49 lei",304.69,RON (lei),,In stock (Bucharest),True,,anvelopemoto.eu,https://www.anvelopemoto.eu/michelin-power-pure-sc-120-70-15-56s-tl-front/,2026-02-19T14:52:15.357828
anvelopemoto.eu,Mitas H-06 3.25/D19 54P TT F/R,"306,19 lei","355,00 lei",306.19,RON (lei),,In stock (Bucharest),True,,anvelopemoto.eu,https://www.anvelopemoto.eu/mitas-h-06-3-25-d19-54p-tt-f-r/,2026-02-19T14:52:15.357828
anvelopemoto.eu,Shinko B714 80/80-16 45P TL Front/Rear,"306,70 lei",,306.7,RON (lei),,In stock (Bucharest),True,,anvelopemoto.eu,https://www.anvelopemoto.eu/shinko-b714-80-80-16-45p-tl-front-rear/,2026-02-19T14:52:15.357828
anvelopemoto.eu,Dunlop Scootsmart 140/70 - 12 65P TL Rear,"306,96 lei","555,82 lei",306.96,RON (lei),,In stock (Bucharest),True,,anvelopemoto.eu,https://www.anvelopemoto.eu/dunlop-scootsmart-140-70-12-65p-tl-rear/,2026-02-19T14:52:15.358830
anvelopemoto.eu,Mitas TOURING FORCE SC TL Front/Rear 120/70-14 55P,"307,47 lei","371,70 lei",307.47,RON (lei),,In stock (Bucharest),True,,anvelopemoto.eu,https://www.anvelopemoto.eu/mitas-touring-force-sc-tl-front-rear-120-70-14-55p/,2026-02-19T14:52:15.358830
anvelopemoto.eu,Michelin City Grip 2 120/70 - 14 61S REINF TL Front/Rear,"307,84 lei","562,68 lei",307.84,RON (lei),,In stock (Bucharest),True,,anvelopemoto.eu,https://www.anvelopemoto.eu/michelin-city-grip-2-120-70-14-61s-reinf-tl-front-rear/,2026-02-19T14:52:20.863864
anvelopemoto.eu,Michelin City Grip 2 120/70 - 15 56S TL Front,"307,84 lei","562,68 lei",307.84,RON (lei),,In stock (Bucharest),True,,anvelopemoto.eu,https://www.anvelopemoto.eu/michelin-city-grip-2-120-70-15-56s-tl-front/,2026-02-19T14:52:20.863864
anvelopemoto.eu,Michelin City Grip 120/70 - 14 61P REINF TL/TT Rear,"307,84 lei","562,68 lei",307.84,RON (lei),,In stock (Bucharest),True,,anvelopemoto.eu,https://www.anvelopemoto.eu/michelin-city-grip-120-70-14-61p-reinf-tl-tt-rear/,2026-02-19T14:52:20.863864
anvelopemoto.eu,Michelin Anakee Street 130/70 - 13 57P TL Rear,"307,84 lei","562,68 lei",307.84,RON (lei),,In stock (Bucharest),True,,anvelopemoto.eu,https://www.anvelopemoto.eu/michelin-anakee-street-130-70-13-57p-tl-rear/,2026-02-19T14:52:20.863864
anvelopemoto.eu,Michelin City Extra 100/90 - 14 57S REINF TL Front/Rear,"307,84 lei","562,68 lei",307.84,RON (lei),,In stock (Bucharest),True,,anvelopemoto.eu,https://www.anvelopemoto.eu/michelin-city-extra-100-90-14-57s-reinf-tl-front-rear/,2026-02-19T14:52:20.864885
anvelopemoto.eu,Michelin City Grip Saver 130/60 - 13 60S REINF TL/TT Front/Rear,"307,84 lei","562,68 lei",307.84,RON (lei),,In stock (Bucharest),True,,anvelopemoto.eu,https://www.anvelopemoto.eu/michelin-city-grip-saver-130-60-13-60s-reinf-tl-tt-front-rear/,2026-02-19T14:52:20.864885
anvelopemoto.eu,Dunlop Sportmax Q-LITE 90/80 - 17 46S TL Front/Rear,"308,97 lei","512,01 lei",308.97,RON (lei),,In stock (Bucharest),True,,anvelopemoto.eu,https://www.anvelopemoto.eu/dunlop-sportmax-q-lite-90-80-17-46s-tl-front-rear/,2026-02-19T14:52:20.864885
anvelopemoto.eu,Mitas MC 50 100/80D17 52H TL F/R,"309,59 lei","360,26 lei",309.59,RON (lei),,In stock (Bucharest),True,,anvelopemoto.eu,https://www.anvelopemoto.eu/mitas-mc-50-100-80d17-52h-tl-f-r/,2026-02-19T14:52:20.864885
anvelopemoto.eu,Dunlop Geomax MX34 90/100 - 14 49M TT Rear,"311,49 lei","564,59 lei",311.49,RON (lei),,In stock (Bucharest),True,,anvelopemoto.eu,https://www.anvelopemoto.eu/dunlop-geomax-mx34-90-100-14-49m-tt-rear/,2026-02-19T14:52:20.864885
anvelopemoto.eu,Pirelli Diablo Rosso Scooter 120/70 - 14 M/C 55S TL Front,"311,91 lei","791,29 lei",311.91,RON (lei),,In stock (Bucharest),True,,anvelopemoto.eu,https://www.anvelopemoto.eu/pirelli-diablo-rosso-scooter-120-70-14-m-c-55s-tl-front/,2026-02-19T14:52:20.864885
anvelopemoto.eu,Shinko B244 2.75-19 43P TT Front/Rear,"312,89 lei",,312.89,RON (lei),,In stock (Bucharest),True,,anvelopemoto.eu,https://www.anvelopemoto.eu/shinko-b244-2-75-19-43p-tt-front-rear/,2026-02-19T14:52:20.864885
anvelopemoto.eu,Pirelli City Demon 3.00 - 18 M/C 47S TL Front,"313,92 lei","549,02 lei",313.92,RON (lei),,In stock (Bucharest),True,,anvelopemoto.eu,https://www.anvelopemoto.eu/pirelli-city-demon-3-00-18-m-c-47s-tl-front/,2026-02-19T14:52:20.864885
anvelopemoto.eu,Pirelli Angel City 80/90 - 17 M/C 44S TL Front/Rear,"313,92 lei","549,02 lei",313.92,RON (lei),,In stock (Bucharest),True,,anvelopemoto.eu,https://www.anvelopemoto.eu/pirelli-angel-city-80-90-17-m-c-44s-tl-front-rear/,2026-02-19T14:52:20.864885
anvelopemoto.eu,Pirelli Angel Scooter 120/70 - 15 M/C 56P TL Front,"313,92 lei","797,42 lei",313.92,RON (lei),,In stock (Bucharest),True,,anvelopemoto.eu,https://www.anvelopemoto.eu/pirelli-angel-scooter-120-70-15-m-c-56p-tl-front/,2026-02-19T14:52:20.864885
anvelopemoto.eu,Pirelli Angel Scooter 110/80 - 14 M/C 59S TL Reinf Front/Rear,"313,92 lei","797,42 lei",313.92,RON (lei),,In stock (Bucharest),True,,anvelopemoto.eu,https://www.anvelopemoto.eu/pirelli-angel-scooter-110-80-14-m-c-59s-tl-reinf-front-rear/,2026-02-19T14:52:20.865870
anvelopemoto.eu,Metzeler Roadtec Scooter 110/80 - 14 M/C 59S TL Reinf Front,"313,92 lei","797,42 lei",313.92,RON (lei),,In stock (Bucharest),True,,anvelopemoto.eu,https://www.anvelopemoto.eu/metzeler-roadtec-scooter-110-80-14-m-c-59s-tl-reinf-front/,2026-02-19T14:52:25.962558
anvelopemoto.eu,Metzeler Karoo Street 120/70 - 15 M/C 56P TL Front,"313,92 lei","797,42 lei",313.92,RON (lei),,In stock (Bucharest),True,,anvelopemoto.eu,https://www.anvelopemoto.eu/metzeler-karoo-street-120-70-15-m-c-56p-tl-front/,2026-02-19T14:52:25.962558
anvelopemoto.eu,Michelin City Grip 2 100/90 - 14 57S REINF TL Rear,"314,02 lei","575,05 lei",314.02,RON (lei),,In stock (Bucharest),True,,anvelopemoto.eu,https://www.anvelopemoto.eu/michelin-city-grip-2-100-90-14-57s-reinf-tl-rear/,2026-02-19T14:52:25.962558
anvelopemoto.eu,Pirelli Angel City 80/100 - 17 M/C 46S TL Front,"315,41 lei","552,06 lei",315.41,RON (lei),,In stock (Bucharest),True,,anvelopemoto.eu,https://www.anvelopemoto.eu/pirelli-angel-city-80-100-17-m-c-46s-tl-front/,2026-02-19T14:52:25.962558
anvelopemoto.eu,Pirelli Scorpion XC Mid Soft 80/100 - 21 M/C 51R MST Front,"315,41 lei","552,06 lei",315.41,RON (lei),,In stock (Bucharest),True,,anvelopemoto.eu,https://www.anvelopemoto.eu/pirelli-scorpion-xc-mid-soft-80-100-21-m-c-51r-mst-front/,2026-02-19T14:52:25.963558
anvelopemoto.eu,Mitas MC-32 M+S LAMELLEN 100/80D17 52R TL F/R M+S,"315,98 lei","370,00 lei",315.98,RON (lei),,In stock (Bucharest),True,,anvelopemoto.eu,https://www.anvelopemoto.eu/mitas-mc-32-ms-lamellen-100-80d17-52r-tl-f-r-ms/,2026-02-19T14:52:25.963558
anvelopemoto.eu,Mitas MC-32 M+S STANDARD 100/80D17 52R TL F/R M+S,"315,98 lei","370,00 lei",315.98,RON (lei),,In stock (Bucharest),True,,anvelopemoto.eu,https://www.anvelopemoto.eu/mitas-mc-32-ms-standard-100-80d17-52r-tl-f-r-ms/,2026-02-19T14:52:25.963558
anvelopemoto.eu,Pirelli MT 16 Garacross 4.00-18 64M TT Rear,"316,80 lei","453,92 lei",316.8,RON (lei),,In stock (Bucharest),True,,anvelopemoto.eu,https://www.anvelopemoto.eu/pirelli-mt-16-garacross-4-00-18-64m-tt-rear/,2026-02-19T14:52:25.963558
anvelopemoto.eu,Metzeler Roadtec Scooter 120/70 - 14 M/C 55S TL Front/Rear,"316,91 lei","806,65 lei",316.91,RON (lei),,In stock (Bucharest),True,,anvelopemoto.eu,https://www.anvelopemoto.eu/metzeler-roadtec-scooter-120-70-14-m-c-55s-tl-front-rear/,2026-02-19T14:52:25.963558
anvelopemoto.eu,Michelin Power Pure SC 120/80 - 14 58S TL Front,"317,16 lei","581,24 lei",317.16,RON (lei),,In stock (Bucharest),True,,anvelopemoto.eu,https://www.anvelopemoto.eu/michelin-power-pure-sc-120-80-14-58s-tl-front/,2026-02-19T14:52:25.963558
anvelopemoto.eu,Mitas MC 23 ROCKRIDER M+S 80/90D21 48P TT F M+S,"318,20 lei","373,35 lei",318.2,RON (lei),,In stock (Bucharest),True,,anvelopemoto.eu,https://www.anvelopemoto.eu/mitas-mc-23-rockrider-ms-80-90d21-48p-tt-f-ms/,2026-02-19T14:52:25.963558
anvelopemoto.eu,Mitas ENDURO TRAIL XT+ M+S 80/90D21 48H TL F M+S,"318,20 lei","373,35 lei",318.2,RON (lei),,In stock (Bucharest),True,,anvelopemoto.eu,https://www.anvelopemoto.eu/mitas-enduro-trail-xt-ms-80-90d21-48h-tl-f-ms/,2026-02-19T14:52:25.963558
anvelopemoto.eu,Pirelli Scorpion MX32 Mid Soft 80/100 - 12 NHS 50M Rear,"318,45 lei","558,20 lei",318.45,RON (lei),,In stock (Bucharest),True,,anvelopemoto.eu,https://www.anvelopemoto.eu/pirelli-scorpion-mx32-mid-soft-80-100-12-nhs-50m-rear/,2026-02-19T14:52:25.963558
anvelopemoto.eu,Pirelli Angel City 110/70 - 17 M/C 54S TL Front/Rear,"318,45 lei","558,20 lei",318.45,RON (lei),,In stock (Bucharest),True,,anvelopemoto.eu,https://www.anvelopemoto.eu/pirelli-angel-city-110-70-17-m-c-54s-tl-front-rear/,2026-02-19T14:52:25.964577
anvelopemoto.eu,Pirelli Angel City 90/80 - 17 M/C 46S TL Front/Rear,"319,95 lei","561,29 lei",319.95,RON (lei),,In stock (Bucharest),True,,anvelopemoto.eu,https://www.anvelopemoto.eu/pirelli-angel-city-90-80-17-m-c-46s-tl-front-rear/,2026-02-19T14:52:30.473045
anvelopemoto.eu,Metzeler ME 22 3.50 - 18 M/C 62P TT Reinf Front/Rear,"319,95 lei","561,29 lei",319.95,RON (lei),,In stock (Bucharest),True,,anvelopemoto.eu,https://www.anvelopemoto.eu/metzeler-me-22-3-50-18-m-c-62p-tt-reinf-front-rear/,2026-02-19T14:52:30.473045
anvelopemoto.eu,Pirelli Diablo Rosso Sport 80/90 - 17 M/C 44S TL Front/Rear,"319,95 lei","561,29 lei",319.95,RON (lei),,In stock (Bucharest),True,,anvelopemoto.eu,https://www.anvelopemoto.eu/pirelli-diablo-rosso-sport-80-90-17-m-c-44s-tl-front-rear/,2026-02-19T14:52:30.473045
anvelopemoto.eu,Pirelli Diablo Rosso Scooter 120/80 - 14 M/C 58S TL Front/Rear,"320,98 lei","818,92 lei",320.98,RON (lei),,In stock (Bucharest),True,,anvelopemoto.eu,https://www.anvelopemoto.eu/pirelli-diablo-rosso-scooter-120-80-14-m-c-58s-tl-front-rear/,2026-02-19T14:52:30.474053
anvelopemoto.eu,Pirelli Diablo Rosso Scooter 120/70 - 15 M/C 56S TL Front (IN),"320,98 lei","818,92 lei",320.98,RON (lei),,In stock (Bucharest),True,,anvelopemoto.eu,https://www.anvelopemoto.eu/pirelli-diablo-rosso-scooter-120-70-15-m-c-56s-tl-front-in/,2026-02-19T14:52:30.474053
anvelopemoto.eu,Pirelli Angel Scooter 120/70 - 15 M/C 56S TL Front,"320,98 lei","818,92 lei",320.98,RON (lei),,In stock (Bucharest),True,,anvelopemoto.eu,https://www.anvelopemoto.eu/pirelli-angel-scooter-120-70-15-m-c-56s-tl-front/,2026-02-19T14:52:30.474053
anvelopemoto.eu,Michelin Road Classic 100/80 B 17 52H TL Front  DOT4120,"322,16 lei","809,69 lei",322.16,RON (lei),,In stock (Bucharest),True,,anvelopemoto.eu,https://www.anvelopemoto.eu/michelin-road-classic-100-80-b-17-52h-tl-front-dot4120/,2026-02-19T14:52:30.474053
anvelopemoto.eu,Pirelli Angel Scooter 110/70 - 16 M/C 52S TL Front,"322,99 lei","825,05 lei",322.99,RON (lei),,In stock (Bucharest),True,,anvelopemoto.eu,https://www.anvelopemoto.eu/pirelli-angel-scooter-110-70-16-m-c-52s-tl-front/,2026-02-19T14:52:30.474053
anvelopemoto.eu,Dunlop D952 110/90 - 19 62M TT Rear ECE 75R,"323,14 lei","587,11 lei",323.14,RON (lei),,In stock (Bucharest),True,,anvelopemoto.eu,https://www.anvelopemoto.eu/dunlop-d952-110-90-19-62m-tt-rear-ece-75r/,2026-02-19T14:52:30.474053
anvelopemoto.eu,Michelin City Grip Saver 110/70 - 12 47S TL/TT Front/Rear,"324,23 lei","502,99 lei",324.23,RON (lei),,In stock (Bucharest),True,,anvelopemoto.eu,https://www.anvelopemoto.eu/michelin-city-grip-saver-110-70-12-47s-tl-tt-front-rear/,2026-02-19T14:52:30.474053
anvelopemoto.eu,Metzeler MCE 6 Days Extreme 80/90 - 21 M/C 48R M+S Front,"324,48 lei","570,46 lei",324.48,RON (lei),,In stock (Bucharest),True,,anvelopemoto.eu,https://www.anvelopemoto.eu/metzeler-mce-6-days-extreme-80-90-21-m-c-48r-ms-front/,2026-02-19T14:52:30.475057
anvelopemoto.eu,Pirelli Angel City 90/90 - 17 M/C 49S TL Front/Rear,"325,98 lei","573,56 lei",325.98,RON (lei),,In stock (Bucharest),True,,anvelopemoto.eu,https://www.anvelopemoto.eu/pirelli-angel-city-90-90-17-m-c-49s-tl-front-rear/,2026-02-19T14:52:30.475057
anvelopemoto.eu,Michelin Starcross 5 Medium 90/100 - 14 49M TT Rear,"326,44 lei","599,79 lei",326.44,RON (lei),,In stock (Bucharest),True,,anvelopemoto.eu,https://www.anvelopemoto.eu/michelin-starcross-5-medium-90-100-14-49m-tt-rear/,2026-02-19T14:52:30.475057
anvelopemoto.eu,Michelin City Grip 2 110/70 - 16 52S TL Front,"326,44 lei","599,79 lei",326.44,RON (lei),,In stock (Bucharest),True,,anvelopemoto.eu,https://www.anvelopemoto.eu/michelin-city-grip-2-110-70-16-52s-tl-front/,2026-02-19T14:52:30.475057
